List separator=,Decimal symbol=.
trolley_r ,
LANGID_809,trolley_up
2,1
trolley_TP_array.time_array[0],0
trolley_TP_array.time_array[1],0
trolley_TP_array.time_array[2],0
trolley_TP_array.time_array[3],0
trolley_TP_array.time_array[4],0
trolley_TP_array.time_array[5],0
trolley_TP_array.time_array[6],0
trolley_TP_array.time_array[7],0
trolley_TP_array.time_array[8],0
trolley_TP_array.time_array[9],0
trolley_TP_array.time_array[10],0
trolley_TP_array.time_array[11],0
trolley_TP_array.time_array[12],0
trolley_TP_array.time_array[13],0
trolley_TP_array.time_array[14],0
trolley_TP_array.time_array[15],0
trolley_TP_array.time_array[16],0
trolley_TP_array.time_array[17],0
trolley_TP_array.time_array[18],0
trolley_TP_array.time_array[19],0
trolley_TP_array.time_array[20],0
trolley_TP_array.time_array[21],0
trolley_TP_array.time_array[22],0
trolley_TP_array.time_array[23],0
trolley_TP_array.time_array[24],0
trolley_TP_array.time_array[25],0
trolley_TP_array.time_array[26],0
trolley_TP_array.time_array[27],0
trolley_TP_array.time_array[28],0
trolley_TP_array.time_array[29],0
trolley_TP_array.time_array[30],0
trolley_TP_array.time_array[31],0
trolley_TP_array.time_array[32],0
trolley_TP_array.time_array[33],0
trolley_TP_array.time_array[34],0
trolley_TP_array.time_array[35],0
trolley_TP_array.time_array[36],0
trolley_TP_array.time_array[37],0
trolley_TP_array.time_array[38],0
trolley_TP_array.time_array[39],0
trolley_TP_array.time_array[40],0
trolley_TP_array.time_array[41],0
trolley_TP_array.time_array[42],0
trolley_TP_array.time_array[43],0
trolley_TP_array.time_array[44],0
trolley_TP_array.time_array[45],0
trolley_TP_array.time_array[46],0
trolley_TP_array.time_array[47],0
trolley_TP_array.time_array[48],0
trolley_TP_array.time_array[49],0
trolley_TP_array.time_array[50],0
trolley_TP_array.time_array[51],0
trolley_TP_array.time_array[52],0
trolley_TP_array.time_array[53],0
trolley_TP_array.time_array[54],0
trolley_TP_array.time_array[55],0
trolley_TP_array.time_array[56],0
trolley_TP_array.time_array[57],0
trolley_TP_array.time_array[58],0
trolley_TP_array.time_array[59],0
trolley_TP_array.time_array[60],0
trolley_TP_array.time_array[61],0
trolley_TP_array.time_array[62],0
trolley_TP_array.time_array[63],0
trolley_TP_array.time_array[64],0
trolley_TP_array.time_array[65],0
trolley_TP_array.time_array[66],0
trolley_TP_array.time_array[67],0
trolley_TP_array.time_array[68],0
trolley_TP_array.time_array[69],0
trolley_TP_array.time_array[70],0
trolley_TP_array.time_array[71],0
trolley_TP_array.time_array[72],0
trolley_TP_array.time_array[73],0
trolley_TP_array.time_array[74],0
trolley_TP_array.time_array[75],0
trolley_TP_array.time_array[76],0
trolley_TP_array.time_array[77],0
trolley_TP_array.time_array[78],0
trolley_TP_array.time_array[79],0
trolley_TP_array.time_array[80],0
trolley_TP_array.time_array[81],0
trolley_TP_array.time_array[82],0
trolley_TP_array.time_array[83],0
trolley_TP_array.time_array[84],0
trolley_TP_array.time_array[85],0
trolley_TP_array.time_array[86],0
trolley_TP_array.time_array[87],0
trolley_TP_array.time_array[88],0
trolley_TP_array.time_array[89],0
trolley_TP_array.time_array[90],0
trolley_TP_array.time_array[91],0
trolley_TP_array.time_array[92],0
trolley_TP_array.time_array[93],0
trolley_TP_array.time_array[94],0
trolley_TP_array.time_array[95],0
trolley_TP_array.time_array[96],0
trolley_TP_array.time_array[97],0
trolley_TP_array.time_array[98],0
trolley_TP_array.time_array[99],0
trolley_TP_array.time_array[100],0
trolley_TP_array.time_array[101],0
trolley_TP_array.time_array[102],0
trolley_TP_array.time_array[103],0
trolley_TP_array.time_array[104],0
trolley_TP_array.time_array[105],0
trolley_TP_array.time_array[106],0
trolley_TP_array.time_array[107],0
trolley_TP_array.time_array[108],0
trolley_TP_array.time_array[109],0
trolley_TP_array.time_array[110],0
trolley_TP_array.time_array[111],0
trolley_TP_array.time_array[112],0
trolley_TP_array.time_array[113],0
trolley_TP_array.time_array[114],0
trolley_TP_array.time_array[115],0
trolley_TP_array.time_array[116],0
trolley_TP_array.time_array[117],0
trolley_TP_array.time_array[118],0
trolley_TP_array.time_array[119],0
trolley_TP_array.time_array[120],0
trolley_TP_array.time_array[121],0
trolley_TP_array.time_array[122],0
trolley_TP_array.time_array[123],0
trolley_TP_array.time_array[124],0
trolley_TP_array.time_array[125],0
trolley_TP_array.time_array[126],0
trolley_TP_array.time_array[127],0
trolley_TP_array.time_array[128],0
trolley_TP_array.time_array[129],0
trolley_TP_array.time_array[130],0
trolley_TP_array.time_array[131],0
trolley_TP_array.time_array[132],0
trolley_TP_array.time_array[133],0
trolley_TP_array.time_array[134],0
trolley_TP_array.time_array[135],0
trolley_TP_array.time_array[136],0
trolley_TP_array.time_array[137],0
trolley_TP_array.time_array[138],0
trolley_TP_array.time_array[139],0
trolley_TP_array.time_array[140],0
trolley_TP_array.time_array[141],0
trolley_TP_array.time_array[142],0
trolley_TP_array.time_array[143],0
trolley_TP_array.time_array[144],0
trolley_TP_array.time_array[145],0
trolley_TP_array.time_array[146],0
trolley_TP_array.time_array[147],0
trolley_TP_array.time_array[148],0
trolley_TP_array.time_array[149],0
trolley_TP_array.time_array[150],0
trolley_TP_array.time_array[151],0
trolley_TP_array.time_array[152],0
trolley_TP_array.time_array[153],0
trolley_TP_array.time_array[154],0
trolley_TP_array.time_array[155],0
trolley_TP_array.time_array[156],0
trolley_TP_array.time_array[157],0
trolley_TP_array.time_array[158],0
trolley_TP_array.time_array[159],0
trolley_TP_array.time_array[160],0
trolley_TP_array.time_array[161],0
trolley_TP_array.time_array[162],0
trolley_TP_array.time_array[163],0
trolley_TP_array.time_array[164],0
trolley_TP_array.time_array[165],0
trolley_TP_array.time_array[166],0
trolley_TP_array.time_array[167],0
trolley_TP_array.time_array[168],0
trolley_TP_array.time_array[169],0
trolley_TP_array.time_array[170],0
trolley_TP_array.time_array[171],0
trolley_TP_array.time_array[172],0
trolley_TP_array.time_array[173],0
trolley_TP_array.time_array[174],0
trolley_TP_array.time_array[175],0
trolley_TP_array.time_array[176],0
trolley_TP_array.time_array[177],0
trolley_TP_array.time_array[178],0
trolley_TP_array.time_array[179],0
trolley_TP_array.time_array[180],0
trolley_TP_array.time_array[181],0
trolley_TP_array.time_array[182],0
trolley_TP_array.time_array[183],0
trolley_TP_array.time_array[184],0
trolley_TP_array.time_array[185],0
trolley_TP_array.time_array[186],0
trolley_TP_array.time_array[187],0
trolley_TP_array.time_array[188],0
trolley_TP_array.time_array[189],0
trolley_TP_array.time_array[190],0
trolley_TP_array.time_array[191],0
trolley_TP_array.time_array[192],0
trolley_TP_array.time_array[193],0
trolley_TP_array.time_array[194],0
trolley_TP_array.time_array[195],0
trolley_TP_array.time_array[196],0
trolley_TP_array.time_array[197],0
trolley_TP_array.time_array[198],0
trolley_TP_array.time_array[199],0
trolley_TP_array.time_array[200],0
trolley_TP_array.time_array[201],0
trolley_TP_array.time_array[202],0
trolley_TP_array.time_array[203],0
trolley_TP_array.time_array[204],0
trolley_TP_array.time_array[205],0
trolley_TP_array.time_array[206],0
trolley_TP_array.time_array[207],0
trolley_TP_array.time_array[208],0
trolley_TP_array.time_array[209],0
trolley_TP_array.time_array[210],0
trolley_TP_array.time_array[211],0
trolley_TP_array.time_array[212],0
trolley_TP_array.time_array[213],0
trolley_TP_array.time_array[214],0
trolley_TP_array.time_array[215],0
trolley_TP_array.time_array[216],0
trolley_TP_array.time_array[217],0
trolley_TP_array.time_array[218],0
trolley_TP_array.time_array[219],0
trolley_TP_array.time_array[220],0
trolley_TP_array.time_array[221],0
trolley_TP_array.time_array[222],0
trolley_TP_array.time_array[223],0
trolley_TP_array.time_array[224],0
trolley_TP_array.time_array[225],0
trolley_TP_array.time_array[226],0
trolley_TP_array.time_array[227],0
trolley_TP_array.time_array[228],0
trolley_TP_array.time_array[229],0
trolley_TP_array.time_array[230],0
trolley_TP_array.time_array[231],0
trolley_TP_array.time_array[232],0
trolley_TP_array.time_array[233],0
trolley_TP_array.time_array[234],0
trolley_TP_array.time_array[235],0
trolley_TP_array.time_array[236],0
trolley_TP_array.time_array[237],0
trolley_TP_array.time_array[238],0
trolley_TP_array.time_array[239],0
trolley_TP_array.time_array[240],0
trolley_TP_array.time_array[241],0
trolley_TP_array.time_array[242],0
trolley_TP_array.time_array[243],0
trolley_TP_array.time_array[244],0
trolley_TP_array.time_array[245],0
trolley_TP_array.time_array[246],0
trolley_TP_array.time_array[247],0
trolley_TP_array.time_array[248],0
trolley_TP_array.time_array[249],0
trolley_TP_array.time_array[250],0
trolley_TP_array.time_array[251],0
trolley_TP_array.time_array[252],0
trolley_TP_array.time_array[253],0
trolley_TP_array.time_array[254],0
trolley_TP_array.time_array[255],0
trolley_TP_array.time_array[256],0
trolley_TP_array.time_array[257],0
trolley_TP_array.time_array[258],0
trolley_TP_array.time_array[259],0
trolley_TP_array.time_array[260],0
trolley_TP_array.time_array[261],0
trolley_TP_array.time_array[262],0
trolley_TP_array.time_array[263],0
trolley_TP_array.time_array[264],0
trolley_TP_array.time_array[265],0
trolley_TP_array.time_array[266],0
trolley_TP_array.time_array[267],0
trolley_TP_array.time_array[268],0
trolley_TP_array.time_array[269],0
trolley_TP_array.time_array[270],0
trolley_TP_array.time_array[271],0
trolley_TP_array.time_array[272],0
trolley_TP_array.time_array[273],0
trolley_TP_array.time_array[274],0
trolley_TP_array.time_array[275],0
trolley_TP_array.time_array[276],0
trolley_TP_array.time_array[277],0
trolley_TP_array.time_array[278],0
trolley_TP_array.time_array[279],0
trolley_TP_array.time_array[280],0
trolley_TP_array.time_array[281],0
trolley_TP_array.time_array[282],0
trolley_TP_array.time_array[283],0
trolley_TP_array.time_array[284],0
trolley_TP_array.time_array[285],0
trolley_TP_array.time_array[286],0
trolley_TP_array.time_array[287],0
trolley_TP_array.time_array[288],0
trolley_TP_array.time_array[289],0
trolley_TP_array.time_array[290],0
trolley_TP_array.time_array[291],0
trolley_TP_array.time_array[292],0
trolley_TP_array.time_array[293],0
trolley_TP_array.time_array[294],0
trolley_TP_array.time_array[295],0
trolley_TP_array.time_array[296],0
trolley_TP_array.time_array[297],0
trolley_TP_array.time_array[298],0
trolley_TP_array.time_array[299],0
trolley_TP_array.time_array[300],0
trolley_TP_array.time_array[301],0
trolley_TP_array.time_array[302],0
trolley_TP_array.time_array[303],0
trolley_TP_array.time_array[304],0
trolley_TP_array.time_array[305],0
trolley_TP_array.time_array[306],0
trolley_TP_array.time_array[307],0
trolley_TP_array.time_array[308],0
trolley_TP_array.time_array[309],0
trolley_TP_array.time_array[310],0
trolley_TP_array.time_array[311],0
trolley_TP_array.time_array[312],0
trolley_TP_array.time_array[313],0
trolley_TP_array.time_array[314],0
trolley_TP_array.time_array[315],0
trolley_TP_array.time_array[316],0
trolley_TP_array.time_array[317],0
trolley_TP_array.time_array[318],0
trolley_TP_array.time_array[319],0
trolley_TP_array.time_array[320],0
trolley_TP_array.time_array[321],0
trolley_TP_array.time_array[322],0
trolley_TP_array.time_array[323],0
trolley_TP_array.time_array[324],0
trolley_TP_array.time_array[325],0
trolley_TP_array.time_array[326],0
trolley_TP_array.time_array[327],0
trolley_TP_array.time_array[328],0
trolley_TP_array.time_array[329],0
trolley_TP_array.time_array[330],0
trolley_TP_array.time_array[331],0
trolley_TP_array.time_array[332],0
trolley_TP_array.time_array[333],0
trolley_TP_array.time_array[334],0
trolley_TP_array.time_array[335],0
trolley_TP_array.time_array[336],0
trolley_TP_array.time_array[337],0
trolley_TP_array.time_array[338],0
trolley_TP_array.time_array[339],0
trolley_TP_array.time_array[340],0
trolley_TP_array.time_array[341],0
trolley_TP_array.time_array[342],0
trolley_TP_array.time_array[343],0
trolley_TP_array.time_array[344],0
trolley_TP_array.time_array[345],0
trolley_TP_array.time_array[346],0
trolley_TP_array.time_array[347],0
trolley_TP_array.time_array[348],0
trolley_TP_array.time_array[349],0
trolley_TP_array.time_array[350],0
trolley_TP_array.time_array[351],0
trolley_TP_array.time_array[352],0
trolley_TP_array.time_array[353],0
trolley_TP_array.time_array[354],0
trolley_TP_array.time_array[355],0
trolley_TP_array.time_array[356],0
trolley_TP_array.time_array[357],0
trolley_TP_array.time_array[358],0
trolley_TP_array.time_array[359],0
trolley_TP_array.time_array[360],0
trolley_TP_array.time_array[361],0
trolley_TP_array.time_array[362],0
trolley_TP_array.time_array[363],0
trolley_TP_array.time_array[364],0
trolley_TP_array.time_array[365],0
trolley_TP_array.time_array[366],0
trolley_TP_array.time_array[367],0
trolley_TP_array.time_array[368],0
trolley_TP_array.time_array[369],0
trolley_TP_array.time_array[370],0
trolley_TP_array.time_array[371],0
trolley_TP_array.time_array[372],0
trolley_TP_array.time_array[373],0
trolley_TP_array.time_array[374],0
trolley_TP_array.time_array[375],0
trolley_TP_array.time_array[376],0
trolley_TP_array.time_array[377],0
trolley_TP_array.time_array[378],0
trolley_TP_array.time_array[379],0
trolley_TP_array.time_array[380],0
trolley_TP_array.time_array[381],0
trolley_TP_array.time_array[382],0
trolley_TP_array.time_array[383],0
trolley_TP_array.time_array[384],0
trolley_TP_array.time_array[385],0
trolley_TP_array.time_array[386],0
trolley_TP_array.time_array[387],0
trolley_TP_array.time_array[388],0
trolley_TP_array.time_array[389],0
trolley_TP_array.time_array[390],0
trolley_TP_array.time_array[391],0
trolley_TP_array.time_array[392],0
trolley_TP_array.time_array[393],0
trolley_TP_array.time_array[394],0
trolley_TP_array.time_array[395],0
trolley_TP_array.time_array[396],0
trolley_TP_array.time_array[397],0
trolley_TP_array.time_array[398],0
trolley_TP_array.time_array[399],0
trolley_TP_array.time_array[400],0
trolley_TP_array.time_array[401],0
trolley_TP_array.time_array[402],0
trolley_TP_array.time_array[403],0
trolley_TP_array.time_array[404],0
trolley_TP_array.time_array[405],0
trolley_TP_array.time_array[406],0
trolley_TP_array.time_array[407],0
trolley_TP_array.time_array[408],0
trolley_TP_array.time_array[409],0
trolley_TP_array.time_array[410],0
trolley_TP_array.time_array[411],0
trolley_TP_array.time_array[412],0
trolley_TP_array.time_array[413],0
trolley_TP_array.time_array[414],0
trolley_TP_array.time_array[415],0
trolley_TP_array.time_array[416],0
trolley_TP_array.time_array[417],0
trolley_TP_array.time_array[418],0
trolley_TP_array.time_array[419],0
trolley_TP_array.time_array[420],0
trolley_TP_array.time_array[421],0
trolley_TP_array.time_array[422],0
trolley_TP_array.time_array[423],0
trolley_TP_array.time_array[424],0
trolley_TP_array.time_array[425],0
trolley_TP_array.time_array[426],0
trolley_TP_array.time_array[427],0
trolley_TP_array.time_array[428],0
trolley_TP_array.time_array[429],0
trolley_TP_array.time_array[430],0
trolley_TP_array.time_array[431],0
trolley_TP_array.time_array[432],0
trolley_TP_array.time_array[433],0
trolley_TP_array.time_array[434],0
trolley_TP_array.time_array[435],0
trolley_TP_array.time_array[436],0
trolley_TP_array.time_array[437],0
trolley_TP_array.time_array[438],0
trolley_TP_array.time_array[439],0
trolley_TP_array.time_array[440],0
trolley_TP_array.time_array[441],0
trolley_TP_array.time_array[442],0
trolley_TP_array.time_array[443],0
trolley_TP_array.time_array[444],0
trolley_TP_array.time_array[445],0
trolley_TP_array.time_array[446],0
trolley_TP_array.time_array[447],0
trolley_TP_array.time_array[448],0
trolley_TP_array.time_array[449],0
trolley_TP_array.time_array[450],0
trolley_TP_array.time_array[451],0
trolley_TP_array.time_array[452],0
trolley_TP_array.time_array[453],0
trolley_TP_array.time_array[454],0
trolley_TP_array.time_array[455],0
trolley_TP_array.time_array[456],0
trolley_TP_array.time_array[457],0
trolley_TP_array.time_array[458],0
trolley_TP_array.time_array[459],0
trolley_TP_array.time_array[460],0
trolley_TP_array.time_array[461],0
trolley_TP_array.time_array[462],0
trolley_TP_array.time_array[463],0
trolley_TP_array.time_array[464],0
trolley_TP_array.time_array[465],0
trolley_TP_array.time_array[466],0
trolley_TP_array.time_array[467],0
trolley_TP_array.time_array[468],0
trolley_TP_array.time_array[469],0
trolley_TP_array.time_array[470],0
trolley_TP_array.time_array[471],0
trolley_TP_array.time_array[472],0
trolley_TP_array.time_array[473],0
trolley_TP_array.time_array[474],0
trolley_TP_array.time_array[475],0
trolley_TP_array.time_array[476],0
trolley_TP_array.time_array[477],0
trolley_TP_array.time_array[478],0
trolley_TP_array.time_array[479],0
trolley_TP_array.time_array[480],0
trolley_TP_array.time_array[481],0
trolley_TP_array.time_array[482],0
trolley_TP_array.time_array[483],0
trolley_TP_array.time_array[484],0
trolley_TP_array.time_array[485],0
trolley_TP_array.time_array[486],0
trolley_TP_array.time_array[487],0
trolley_TP_array.time_array[488],0
trolley_TP_array.time_array[489],0
trolley_TP_array.time_array[490],0
trolley_TP_array.time_array[491],0
trolley_TP_array.time_array[492],0
trolley_TP_array.time_array[493],0
trolley_TP_array.time_array[494],0
trolley_TP_array.time_array[495],0
trolley_TP_array.time_array[496],0
trolley_TP_array.time_array[497],0
trolley_TP_array.time_array[498],0
trolley_TP_array.time_array[499],0
trolley_TP_array.time_array[500],0
trolley_TP_array.time_array[501],0
trolley_TP_array.time_array[502],0
trolley_TP_array.time_array[503],0
trolley_TP_array.time_array[504],0
trolley_TP_array.time_array[505],0
trolley_TP_array.time_array[506],0
trolley_TP_array.time_array[507],0
trolley_TP_array.time_array[508],0
trolley_TP_array.time_array[509],0
trolley_TP_array.time_array[510],0
trolley_TP_array.time_array[511],0
trolley_TP_array.time_array[512],-9.284212357
trolley_TP_array.time_array[513],-12.48473121
trolley_TP_array.time_array[514],-15.68525007
trolley_TP_array.time_array[515],-18.88576893
trolley_TP_array.time_array[516],-22.08628779
trolley_TP_array.time_array[517],-25.28680664
trolley_TP_array.time_array[518],-28.4873255
trolley_TP_array.time_array[519],-31.68784436
trolley_TP_array.time_array[520],-35.6466523
trolley_TP_array.time_array[521],-40.1947186
trolley_TP_array.time_array[522],-44.74278491
trolley_TP_array.time_array[523],-49.29085122
trolley_TP_array.time_array[524],-53.83891752
trolley_TP_array.time_array[525],-58.38698383
trolley_TP_array.time_array[526],-62.93505014
trolley_TP_array.time_array[527],-67.31408574
trolley_TP_array.time_array[528],-70.51460459
trolley_TP_array.time_array[529],-73.71512345
trolley_TP_array.time_array[530],-76.91564231
trolley_TP_array.time_array[531],-80.11616117
trolley_TP_array.time_array[532],-83.31668002
trolley_TP_array.time_array[533],-86.51719888
trolley_TP_array.time_array[534],-89.71771774
trolley_TP_array.time_array[535],-91.57483335
trolley_TP_array.time_array[536],-92.82316738
trolley_TP_array.time_array[537],-94.07150142
trolley_TP_array.time_array[538],-95.31983545
trolley_TP_array.time_array[539],-96.56816949
trolley_TP_array.time_array[540],-97.81650352
trolley_TP_array.time_array[541],-99.06483755
trolley_TP_array.time_array[542],-100
trolley_TP_array.time_array[543],-100
trolley_TP_array.time_array[544],-100
trolley_TP_array.time_array[545],-100
trolley_TP_array.time_array[546],-100
trolley_TP_array.time_array[547],-100
trolley_TP_array.time_array[548],-100
trolley_TP_array.time_array[549],-100
trolley_TP_array.time_array[550],-100
trolley_TP_array.time_array[551],-100
trolley_TP_array.time_array[552],-100
trolley_TP_array.time_array[553],-100
trolley_TP_array.time_array[554],-100
trolley_TP_array.time_array[555],-100
trolley_TP_array.time_array[556],-100
trolley_TP_array.time_array[557],-100
trolley_TP_array.time_array[558],-100
trolley_TP_array.time_array[559],-100
trolley_TP_array.time_array[560],-100
trolley_TP_array.time_array[561],-100
trolley_TP_array.time_array[562],-100
trolley_TP_array.time_array[563],-99.7231332
trolley_TP_array.time_array[564],-98.47479917
trolley_TP_array.time_array[565],-97.22646514
trolley_TP_array.time_array[566],-95.9781311
trolley_TP_array.time_array[567],-94.72979707
trolley_TP_array.time_array[568],-93.48146304
trolley_TP_array.time_array[569],-92.233129
trolley_TP_array.time_array[570],-90.98479497
trolley_TP_array.time_array[571],-88.2049584
trolley_TP_array.time_array[572],-85.00443954
trolley_TP_array.time_array[573],-81.80392068
trolley_TP_array.time_array[574],-78.60340183
trolley_TP_array.time_array[575],-75.40288297
trolley_TP_array.time_array[576],-72.20236411
trolley_TP_array.time_array[577],-69.00184525
trolley_TP_array.time_array[578],-65.33342444
trolley_TP_array.time_array[579],-60.78535814
trolley_TP_array.time_array[580],-56.23729183
trolley_TP_array.time_array[581],-51.68922552
trolley_TP_array.time_array[582],-47.14115922
trolley_TP_array.time_array[583],-42.59309291
trolley_TP_array.time_array[584],-38.0450266
trolley_TP_array.time_array[585],-33.49696029
trolley_TP_array.time_array[586],-30.17508502
trolley_TP_array.time_array[587],-26.97456616
trolley_TP_array.time_array[588],-23.7740473
trolley_TP_array.time_array[589],-20.57352845
trolley_TP_array.time_array[590],-17.37300959
trolley_TP_array.time_array[591],-14.17249073
trolley_TP_array.time_array[592],-10.97197187
trolley_TP_array.time_array[593],0
trolley_TP_array.time_array[594],0
trolley_TP_array.time_array[595],0
trolley_TP_array.time_array[596],0
trolley_TP_array.time_array[597],0
trolley_TP_array.time_array[598],0
trolley_TP_array.time_array[599],0
trolley_TP_array.time_array[600],0
trolley_TP_array.time_array[601],0
trolley_TP_array.time_array[602],0
trolley_TP_array.time_array[603],0
trolley_TP_array.time_array[604],0
trolley_TP_array.time_array[605],0
trolley_TP_array.time_array[606],0
trolley_TP_array.time_array[607],0
trolley_TP_array.time_array[608],0
trolley_TP_array.time_array[609],0
trolley_TP_array.time_array[610],0
trolley_TP_array.time_array[611],0
trolley_TP_array.time_array[612],0
trolley_TP_array.time_array[613],0
trolley_TP_array.time_array[614],0
trolley_TP_array.time_array[615],0
trolley_TP_array.time_array[616],0
trolley_TP_array.time_array[617],0
trolley_TP_array.time_array[618],0
trolley_TP_array.time_array[619],0
trolley_TP_array.time_array[620],0
trolley_TP_array.time_array[621],0
trolley_TP_array.time_array[622],0
trolley_TP_array.time_array[623],0
trolley_TP_array.time_array[624],0
trolley_TP_array.time_array[625],0
trolley_TP_array.time_array[626],0
trolley_TP_array.time_array[627],0
trolley_TP_array.time_array[628],0
trolley_TP_array.time_array[629],0
trolley_TP_array.time_array[630],0
trolley_TP_array.time_array[631],0
trolley_TP_array.time_array[632],0
trolley_TP_array.time_array[633],0
trolley_TP_array.time_array[634],0
trolley_TP_array.time_array[635],0
trolley_TP_array.time_array[636],0
trolley_TP_array.time_array[637],0
trolley_TP_array.time_array[638],0
trolley_TP_array.time_array[639],0
trolley_TP_array.time_array[640],0
trolley_TP_array.time_array[641],0
trolley_TP_array.time_array[642],0
trolley_TP_array.time_array[643],0
trolley_TP_array.time_array[644],0
trolley_TP_array.time_array[645],0
trolley_TP_array.time_array[646],0
trolley_TP_array.time_array[647],0
trolley_TP_array.time_array[648],0
trolley_TP_array.time_array[649],0
trolley_TP_array.time_array[650],0
trolley_TP_array.time_array[651],0
trolley_TP_array.time_array[652],0
trolley_TP_array.time_array[653],0
trolley_TP_array.time_array[654],0
trolley_TP_array.time_array[655],0
trolley_TP_array.time_array[656],0
trolley_TP_array.time_array[657],0
trolley_TP_array.time_array[658],0
trolley_TP_array.time_array[659],0
trolley_TP_array.time_array[660],0
trolley_TP_array.time_array[661],0
trolley_TP_array.time_array[662],0
trolley_TP_array.time_array[663],0
trolley_TP_array.time_array[664],0
trolley_TP_array.time_array[665],0
trolley_TP_array.time_array[666],0
trolley_TP_array.time_array[667],0
trolley_TP_array.time_array[668],0
trolley_TP_array.time_array[669],0
trolley_TP_array.time_array[670],0
trolley_TP_array.time_array[671],0
trolley_TP_array.time_array[672],0
trolley_TP_array.time_array[673],0
trolley_TP_array.time_array[674],0
trolley_TP_array.time_array[675],0
trolley_TP_array.time_array[676],0
trolley_TP_array.time_array[677],0
trolley_TP_array.time_array[678],0
trolley_TP_array.time_array[679],0
trolley_TP_array.time_array[680],0
trolley_TP_array.time_array[681],0
trolley_TP_array.time_array[682],0
trolley_TP_array.time_array[683],0
trolley_TP_array.time_array[684],0
trolley_TP_array.time_array[685],0
trolley_TP_array.time_array[686],0
trolley_TP_array.time_array[687],0
trolley_TP_array.time_array[688],0
trolley_TP_array.time_array[689],0
trolley_TP_array.time_array[690],0
trolley_TP_array.time_array[691],0
trolley_TP_array.time_array[692],0
trolley_TP_array.time_array[693],0
trolley_TP_array.time_array[694],0
trolley_TP_array.time_array[695],0
trolley_TP_array.time_array[696],0
trolley_TP_array.time_array[697],0
trolley_TP_array.time_array[698],0
trolley_TP_array.time_array[699],0
trolley_TP_array.time_array[700],0
trolley_TP_array.time_array[701],0
trolley_TP_array.time_array[702],0
trolley_TP_array.time_array[703],0
trolley_TP_array.time_array[704],0
trolley_TP_array.time_array[705],0
trolley_TP_array.time_array[706],0
trolley_TP_array.time_array[707],0
trolley_TP_array.time_array[708],0
trolley_TP_array.time_array[709],0
trolley_TP_array.time_array[710],0
trolley_TP_array.time_array[711],0
trolley_TP_array.time_array[712],0
trolley_TP_array.time_array[713],0
trolley_TP_array.time_array[714],0
trolley_TP_array.time_array[715],0
trolley_TP_array.time_array[716],0
trolley_TP_array.time_array[717],0
trolley_TP_array.time_array[718],0
trolley_TP_array.time_array[719],0
trolley_TP_array.time_array[720],0
trolley_TP_array.time_array[721],0
trolley_TP_array.time_array[722],0
trolley_TP_array.time_array[723],0
trolley_TP_array.time_array[724],0
trolley_TP_array.time_array[725],0
trolley_TP_array.time_array[726],0
trolley_TP_array.time_array[727],0
trolley_TP_array.time_array[728],0
trolley_TP_array.time_array[729],0
trolley_TP_array.time_array[730],0
trolley_TP_array.time_array[731],0
trolley_TP_array.time_array[732],0
trolley_TP_array.time_array[733],0
trolley_TP_array.time_array[734],0
trolley_TP_array.time_array[735],0
trolley_TP_array.time_array[736],0
trolley_TP_array.time_array[737],0
trolley_TP_array.time_array[738],0
trolley_TP_array.time_array[739],0
trolley_TP_array.time_array[740],0
trolley_TP_array.time_array[741],0
trolley_TP_array.time_array[742],0
trolley_TP_array.time_array[743],0
trolley_TP_array.time_array[744],0
trolley_TP_array.time_array[745],0
trolley_TP_array.time_array[746],0
trolley_TP_array.time_array[747],0
trolley_TP_array.time_array[748],0
trolley_TP_array.time_array[749],0
trolley_TP_array.time_array[750],0
trolley_TP_array.time_array[751],0
trolley_TP_array.time_array[752],0
trolley_TP_array.time_array[753],0
trolley_TP_array.time_array[754],0
trolley_TP_array.time_array[755],0
trolley_TP_array.time_array[756],0
trolley_TP_array.time_array[757],0
trolley_TP_array.time_array[758],0
trolley_TP_array.time_array[759],0
trolley_TP_array.time_array[760],0
trolley_TP_array.time_array[761],0
trolley_TP_array.time_array[762],0
trolley_TP_array.time_array[763],0
trolley_TP_array.time_array[764],0
trolley_TP_array.time_array[765],0
trolley_TP_array.time_array[766],0
trolley_TP_array.time_array[767],0
trolley_TP_array.time_array[768],0
trolley_TP_array.time_array[769],0
trolley_TP_array.time_array[770],0
trolley_TP_array.time_array[771],0
trolley_TP_array.time_array[772],0
trolley_TP_array.time_array[773],0
trolley_TP_array.time_array[774],0
trolley_TP_array.time_array[775],0
trolley_TP_array.time_array[776],0
trolley_TP_array.time_array[777],0
trolley_TP_array.time_array[778],0
trolley_TP_array.time_array[779],0
trolley_TP_array.time_array[780],0
trolley_TP_array.time_array[781],0
trolley_TP_array.time_array[782],0
trolley_TP_array.time_array[783],0
trolley_TP_array.time_array[784],0
trolley_TP_array.time_array[785],0
trolley_TP_array.time_array[786],0
trolley_TP_array.time_array[787],0
trolley_TP_array.time_array[788],0
trolley_TP_array.time_array[789],0
trolley_TP_array.time_array[790],0
trolley_TP_array.time_array[791],0
trolley_TP_array.time_array[792],0
trolley_TP_array.time_array[793],0
trolley_TP_array.time_array[794],0
trolley_TP_array.time_array[795],0
trolley_TP_array.time_array[796],0
trolley_TP_array.time_array[797],0
trolley_TP_array.time_array[798],0
trolley_TP_array.time_array[799],0
trolley_TP_array.time_array[800],0
trolley_TP_array.time_array[801],0
trolley_TP_array.time_array[802],0
trolley_TP_array.time_array[803],0
trolley_TP_array.time_array[804],0
trolley_TP_array.time_array[805],0
trolley_TP_array.time_array[806],0
trolley_TP_array.time_array[807],0
trolley_TP_array.time_array[808],0
trolley_TP_array.time_array[809],0
trolley_TP_array.time_array[810],0
trolley_TP_array.time_array[811],0
trolley_TP_array.time_array[812],0
trolley_TP_array.time_array[813],0
trolley_TP_array.time_array[814],0
trolley_TP_array.time_array[815],0
trolley_TP_array.time_array[816],0
trolley_TP_array.time_array[817],0
trolley_TP_array.time_array[818],0
trolley_TP_array.time_array[819],0
trolley_TP_array.time_array[820],0
trolley_TP_array.time_array[821],0
trolley_TP_array.time_array[822],0
trolley_TP_array.time_array[823],0
trolley_TP_array.time_array[824],0
trolley_TP_array.time_array[825],0
trolley_TP_array.time_array[826],0
trolley_TP_array.time_array[827],0
trolley_TP_array.time_array[828],0
trolley_TP_array.time_array[829],0
trolley_TP_array.time_array[830],0
trolley_TP_array.time_array[831],0
trolley_TP_array.time_array[832],0
trolley_TP_array.time_array[833],0
trolley_TP_array.time_array[834],0
trolley_TP_array.time_array[835],0
trolley_TP_array.time_array[836],0
trolley_TP_array.time_array[837],0
trolley_TP_array.time_array[838],0
trolley_TP_array.time_array[839],0
trolley_TP_array.time_array[840],0
trolley_TP_array.time_array[841],0
trolley_TP_array.time_array[842],0
trolley_TP_array.time_array[843],0
trolley_TP_array.time_array[844],0
trolley_TP_array.time_array[845],0
trolley_TP_array.time_array[846],0
trolley_TP_array.time_array[847],0
trolley_TP_array.time_array[848],0
trolley_TP_array.time_array[849],0
trolley_TP_array.time_array[850],0
trolley_TP_array.time_array[851],0
trolley_TP_array.time_array[852],0
trolley_TP_array.time_array[853],0
trolley_TP_array.time_array[854],0
trolley_TP_array.time_array[855],0
trolley_TP_array.time_array[856],0
trolley_TP_array.time_array[857],0
trolley_TP_array.time_array[858],0
trolley_TP_array.time_array[859],0
trolley_TP_array.time_array[860],0
trolley_TP_array.time_array[861],0
trolley_TP_array.time_array[862],0
trolley_TP_array.time_array[863],0
trolley_TP_array.time_array[864],0
trolley_TP_array.time_array[865],0
trolley_TP_array.time_array[866],0
trolley_TP_array.time_array[867],0
trolley_TP_array.time_array[868],0
trolley_TP_array.time_array[869],0
trolley_TP_array.time_array[870],0
trolley_TP_array.time_array[871],0
trolley_TP_array.time_array[872],0
trolley_TP_array.time_array[873],0
trolley_TP_array.time_array[874],0
trolley_TP_array.time_array[875],0
trolley_TP_array.time_array[876],0
trolley_TP_array.time_array[877],0
trolley_TP_array.time_array[878],0
trolley_TP_array.time_array[879],0
trolley_TP_array.time_array[880],0
trolley_TP_array.time_array[881],0
trolley_TP_array.time_array[882],0
trolley_TP_array.time_array[883],0
trolley_TP_array.time_array[884],0
trolley_TP_array.time_array[885],0
trolley_TP_array.time_array[886],0
trolley_TP_array.time_array[887],0
trolley_TP_array.time_array[888],0
trolley_TP_array.time_array[889],0
trolley_TP_array.time_array[890],0
trolley_TP_array.time_array[891],0
trolley_TP_array.time_array[892],0
trolley_TP_array.time_array[893],0
trolley_TP_array.time_array[894],0
trolley_TP_array.time_array[895],0
trolley_TP_array.time_array[896],0
trolley_TP_array.time_array[897],0
trolley_TP_array.time_array[898],0
trolley_TP_array.time_array[899],4.78171875
trolley_TP_array.time_array[900],6.414353084
trolley_TP_array.time_array[901],8.046987418
trolley_TP_array.time_array[902],9.679621752
trolley_TP_array.time_array[903],11.31225609
trolley_TP_array.time_array[904],12.94489042
trolley_TP_array.time_array[905],14.69737202
trolley_TP_array.time_array[906],16.79395366
trolley_TP_array.time_array[907],18.8905353
trolley_TP_array.time_array[908],20.98711694
trolley_TP_array.time_array[909],23.08369857
trolley_TP_array.time_array[910],26.49245906
trolley_TP_array.time_array[911],30.4350273
trolley_TP_array.time_array[912],34.54515764
trolley_TP_array.time_array[913],38.65528798
trolley_TP_array.time_array[914],42.76541832
trolley_TP_array.time_array[915],46.73712439
trolley_TP_array.time_array[916],47.80659281
trolley_TP_array.time_array[917],48.87606122
trolley_TP_array.time_array[918],49.94552963
trolley_TP_array.time_array[919],51.01499804
trolley_TP_array.time_array[920],55.70806707
trolley_TP_array.time_array[921],61.48125511
trolley_TP_array.time_array[922],63.57783675
trolley_TP_array.time_array[923],65.67441839
trolley_TP_array.time_array[924],67.77100003
trolley_TP_array.time_array[925],69.86758167
trolley_TP_array.time_array[926],70.91178407
trolley_TP_array.time_array[927],71.74459249
trolley_TP_array.time_array[928],72.57740092
trolley_TP_array.time_array[929],73.41020934
trolley_TP_array.time_array[930],74.24301776
trolley_TP_array.time_array[931],75
trolley_TP_array.time_array[932],75
trolley_TP_array.time_array[933],75
trolley_TP_array.time_array[934],75
trolley_TP_array.time_array[935],75
trolley_TP_array.time_array[936],75
trolley_TP_array.time_array[937],75
trolley_TP_array.time_array[938],75
trolley_TP_array.time_array[939],75
trolley_TP_array.time_array[940],75
trolley_TP_array.time_array[941],75
trolley_TP_array.time_array[942],75
trolley_TP_array.time_array[943],75
trolley_TP_array.time_array[944],75
trolley_TP_array.time_array[945],75
trolley_TP_array.time_array[946],75
trolley_TP_array.time_array[947],75
trolley_TP_array.time_array[948],75
trolley_TP_array.time_array[949],75
trolley_TP_array.time_array[950],75
trolley_TP_array.time_array[951],75
trolley_TP_array.time_array[952],75
trolley_TP_array.time_array[953],75
trolley_TP_array.time_array[954],75
trolley_TP_array.time_array[955],75
trolley_TP_array.time_array[956],75
trolley_TP_array.time_array[957],75
trolley_TP_array.time_array[958],75
trolley_TP_array.time_array[959],75
trolley_TP_array.time_array[960],75
trolley_TP_array.time_array[961],75
trolley_TP_array.time_array[962],75
trolley_TP_array.time_array[963],75
trolley_TP_array.time_array[964],75
trolley_TP_array.time_array[965],75
trolley_TP_array.time_array[966],75
trolley_TP_array.time_array[967],75
trolley_TP_array.time_array[968],75
trolley_TP_array.time_array[969],75
trolley_TP_array.time_array[970],75
trolley_TP_array.time_array[971],75
trolley_TP_array.time_array[972],75
trolley_TP_array.time_array[973],75
trolley_TP_array.time_array[974],75
trolley_TP_array.time_array[975],75
trolley_TP_array.time_array[976],75
trolley_TP_array.time_array[977],75
trolley_TP_array.time_array[978],75
trolley_TP_array.time_array[979],75
trolley_TP_array.time_array[980],75
trolley_TP_array.time_array[981],75
trolley_TP_array.time_array[982],75
trolley_TP_array.time_array[983],75
trolley_TP_array.time_array[984],75
trolley_TP_array.time_array[985],75
trolley_TP_array.time_array[986],75
trolley_TP_array.time_array[987],75
trolley_TP_array.time_array[988],75
trolley_TP_array.time_array[989],75
trolley_TP_array.time_array[990],75
trolley_TP_array.time_array[991],75
trolley_TP_array.time_array[992],75
trolley_TP_array.time_array[993],75
trolley_TP_array.time_array[994],75
trolley_TP_array.time_array[995],74.77266672
trolley_TP_array.time_array[996],73.93985829
trolley_TP_array.time_array[997],73.10704987
trolley_TP_array.time_array[998],72.27424145
trolley_TP_array.time_array[999],71.44143303
trolley_TP_array.time_array[1000],70.6086246
trolley_TP_array.time_array[1001],69.10438264
trolley_TP_array.time_array[1002],67.007801
trolley_TP_array.time_array[1003],64.91121937
trolley_TP_array.time_array[1004],62.81463773
trolley_TP_array.time_array[1005],60.40025132
trolley_TP_array.time_array[1006],53.0223635
trolley_TP_array.time_array[1007],50.62568945
trolley_TP_array.time_array[1008],49.55622103
trolley_TP_array.time_array[1009],48.48675262
trolley_TP_array.time_array[1010],47.41728421
trolley_TP_array.time_array[1011],45.37937632
trolley_TP_array.time_array[1012],41.26924598
trolley_TP_array.time_array[1013],37.15911564
trolley_TP_array.time_array[1014],33.0489853
trolley_TP_array.time_array[1015],28.93885496
trolley_TP_array.time_array[1016],25.12247896
trolley_TP_array.time_array[1017],22.32049955
trolley_TP_array.time_array[1018],20.22391791
trolley_TP_array.time_array[1019],18.12733627
trolley_TP_array.time_array[1020],16.03075463
trolley_TP_array.time_array[1021],13.98321213
trolley_TP_array.time_array[1022],12.3505778
trolley_TP_array.time_array[1023],10.71794346
trolley_TP_array.time_array[1024],9.08530913
trolley_TP_array.time_array[1025],7.452674796
trolley_TP_array.time_array[1026],5.820040462
trolley_TP_array.time_array[1027],0
trolley_TP_array.time_array[1028],0
trolley_TP_array.time_array[1029],0
trolley_TP_array.time_array[1030],0
trolley_TP_array.time_array[1031],0
trolley_TP_array.time_array[1032],0
trolley_TP_array.time_array[1033],0
trolley_TP_array.time_array[1034],0
trolley_TP_array.time_array[1035],0
trolley_TP_array.time_array[1036],0
trolley_TP_array.time_array[1037],0
trolley_TP_array.time_array[1038],0
trolley_TP_array.time_array[1039],0
trolley_TP_array.time_array[1040],0
trolley_TP_array.time_array[1041],0
trolley_TP_array.time_array[1042],0
trolley_TP_array.time_array[1043],0
trolley_TP_array.time_array[1044],0
trolley_TP_array.time_array[1045],0
trolley_TP_array.time_array[1046],0
trolley_TP_array.time_array[1047],0
trolley_TP_array.time_array[1048],0
trolley_TP_array.time_array[1049],0
trolley_TP_array.time_array[1050],0
trolley_TP_array.time_array[1051],0
trolley_TP_array.time_array[1052],0
trolley_TP_array.time_array[1053],0
trolley_TP_array.time_array[1054],0
trolley_TP_array.time_array[1055],0
trolley_TP_array.time_array[1056],0
trolley_TP_array.time_array[1057],0
trolley_TP_array.time_array[1058],0
trolley_TP_array.time_array[1059],0
trolley_TP_array.time_array[1060],0
trolley_TP_array.time_array[1061],0
trolley_TP_array.time_array[1062],0
trolley_TP_array.time_array[1063],0
trolley_TP_array.time_array[1064],0
trolley_TP_array.time_array[1065],0
trolley_TP_array.time_array[1066],0
trolley_TP_array.time_array[1067],0
trolley_TP_array.time_array[1068],0
trolley_TP_array.time_array[1069],0
trolley_TP_array.time_array[1070],0
trolley_TP_array.time_array[1071],0
trolley_TP_array.time_array[1072],0
trolley_TP_array.time_array[1073],0
trolley_TP_array.time_array[1074],0
trolley_TP_array.time_array[1075],0
trolley_TP_array.time_array[1076],0
trolley_TP_array.time_array[1077],0
trolley_TP_array.time_array[1078],0
trolley_TP_array.time_array[1079],0
trolley_TP_array.time_array[1080],0
trolley_TP_array.time_array[1081],0
trolley_TP_array.time_array[1082],0
trolley_TP_array.time_array[1083],0
trolley_TP_array.time_array[1084],0
trolley_TP_array.time_array[1085],0
trolley_TP_array.time_array[1086],0
trolley_TP_array.time_array[1087],0
trolley_TP_array.time_array[1088],0
trolley_TP_array.time_array[1089],0
trolley_TP_array.time_array[1090],0
trolley_TP_array.time_array[1091],0
trolley_TP_array.time_array[1092],0
trolley_TP_array.time_array[1093],0
trolley_TP_array.time_array[1094],0
trolley_TP_array.time_array[1095],0
trolley_TP_array.time_array[1096],0
trolley_TP_array.time_array[1097],0
trolley_TP_array.time_array[1098],0
trolley_TP_array.time_array[1099],0
trolley_TP_array.time_array[1100],0
trolley_TP_array.time_array[1101],0
trolley_TP_array.time_array[1102],0
trolley_TP_array.time_array[1103],0
trolley_TP_array.time_array[1104],0
trolley_TP_array.time_array[1105],0
trolley_TP_array.time_array[1106],0
trolley_TP_array.time_array[1107],0
trolley_TP_array.time_array[1108],0
trolley_TP_array.time_array[1109],0
trolley_TP_array.time_array[1110],0
trolley_TP_array.time_array[1111],0
trolley_TP_array.time_array[1112],0
trolley_TP_array.time_array[1113],0
trolley_TP_array.time_array[1114],0
trolley_TP_array.time_array[1115],0
trolley_TP_array.time_array[1116],0
trolley_TP_array.time_array[1117],0
trolley_TP_array.time_array[1118],0
trolley_TP_array.time_array[1119],0
trolley_TP_array.time_array[1120],0
trolley_TP_array.time_array[1121],0
trolley_TP_array.time_array[1122],0
trolley_TP_array.time_array[1123],0
trolley_TP_array.time_array[1124],0
trolley_TP_array.time_array[1125],0
trolley_TP_array.time_array[1126],0
trolley_TP_array.time_array[1127],0
trolley_TP_array.time_array[1128],0
trolley_TP_array.time_array[1129],0
trolley_TP_array.time_array[1130],0
trolley_TP_array.time_array[1131],0
trolley_TP_array.time_array[1132],0
trolley_TP_array.time_array[1133],0
trolley_TP_array.time_array[1134],0
trolley_TP_array.time_array[1135],0
trolley_TP_array.time_array[1136],0
trolley_TP_array.time_array[1137],0
trolley_TP_array.time_array[1138],0
trolley_TP_array.time_array[1139],0
trolley_TP_array.time_array[1140],0
trolley_TP_array.time_array[1141],0
trolley_TP_array.time_array[1142],0
trolley_TP_array.time_array[1143],0
trolley_TP_array.time_array[1144],0
trolley_TP_array.time_array[1145],0
trolley_TP_array.time_array[1146],0
trolley_TP_array.time_array[1147],0
trolley_TP_array.time_array[1148],0
trolley_TP_array.time_array[1149],0
trolley_TP_array.time_array[1150],0
trolley_TP_array.time_array[1151],0
trolley_TP_array.time_array[1152],0
trolley_TP_array.time_array[1153],0
trolley_TP_array.time_array[1154],0
trolley_TP_array.time_array[1155],0
trolley_TP_array.time_array[1156],0
trolley_TP_array.time_array[1157],0
trolley_TP_array.time_array[1158],0
trolley_TP_array.time_array[1159],0
trolley_TP_array.time_array[1160],0
trolley_TP_array.time_array[1161],0
trolley_TP_array.time_array[1162],0
trolley_TP_array.time_array[1163],0
trolley_TP_array.time_array[1164],0
trolley_TP_array.time_array[1165],0
trolley_TP_array.time_array[1166],0
trolley_TP_array.time_array[1167],0
trolley_TP_array.time_array[1168],0
trolley_TP_array.time_array[1169],0
trolley_TP_array.time_array[1170],0
trolley_TP_array.time_array[1171],0
trolley_TP_array.time_array[1172],0
trolley_TP_array.time_array[1173],0
trolley_TP_array.time_array[1174],0
trolley_TP_array.time_array[1175],0
trolley_TP_array.time_array[1176],0
trolley_TP_array.time_array[1177],0
trolley_TP_array.time_array[1178],0
trolley_TP_array.time_array[1179],0
trolley_TP_array.time_array[1180],0
trolley_TP_array.time_array[1181],0
trolley_TP_array.time_array[1182],0
trolley_TP_array.time_array[1183],-4.642106178
trolley_TP_array.time_array[1184],-6.242365607
trolley_TP_array.time_array[1185],-7.842625036
trolley_TP_array.time_array[1186],-9.442884464
trolley_TP_array.time_array[1187],-11.04314389
trolley_TP_array.time_array[1188],-12.64340332
trolley_TP_array.time_array[1189],-14.24366275
trolley_TP_array.time_array[1190],-15.84392218
trolley_TP_array.time_array[1191],-17.82332615
trolley_TP_array.time_array[1192],-20.0973593
trolley_TP_array.time_array[1193],-22.37139246
trolley_TP_array.time_array[1194],-24.64542561
trolley_TP_array.time_array[1195],-26.91945876
trolley_TP_array.time_array[1196],-29.19349192
trolley_TP_array.time_array[1197],-31.46752507
trolley_TP_array.time_array[1198],-33.65704287
trolley_TP_array.time_array[1199],-35.2573023
trolley_TP_array.time_array[1200],-36.85756173
trolley_TP_array.time_array[1201],-38.45782115
trolley_TP_array.time_array[1202],-40.05808058
trolley_TP_array.time_array[1203],-41.65834001
trolley_TP_array.time_array[1204],-43.25859944
trolley_TP_array.time_array[1205],-44.85885887
trolley_TP_array.time_array[1206],-45.81341597
trolley_TP_array.time_array[1207],-46.47536421
trolley_TP_array.time_array[1208],-47.13731245
trolley_TP_array.time_array[1209],-47.7992607
trolley_TP_array.time_array[1210],-48.46120894
trolley_TP_array.time_array[1211],-49.12315718
trolley_TP_array.time_array[1212],-49.78510543
trolley_TP_array.time_array[1213],-50
trolley_TP_array.time_array[1214],-50
trolley_TP_array.time_array[1215],-49.91433335
trolley_TP_array.time_array[1216],-48.96248164
trolley_TP_array.time_array[1217],-48.01062993
trolley_TP_array.time_array[1218],-47.05877823
trolley_TP_array.time_array[1219],-46.10692652
trolley_TP_array.time_array[1220],-45.01691316
trolley_TP_array.time_array[1221],-43.41665373
trolley_TP_array.time_array[1222],-41.8163943
trolley_TP_array.time_array[1223],-40.21613487
trolley_TP_array.time_array[1224],-38.61587544
trolley_TP_array.time_array[1225],-37.01561601
trolley_TP_array.time_array[1226],-35.41535659
trolley_TP_array.time_array[1227],-33.81509716
trolley_TP_array.time_array[1228],-31.69212658
trolley_TP_array.time_array[1229],-29.41809343
trolley_TP_array.time_array[1230],-27.14406028
trolley_TP_array.time_array[1231],-24.87002712
trolley_TP_array.time_array[1232],-22.59599397
trolley_TP_array.time_array[1233],-20.32196082
trolley_TP_array.time_array[1234],-18.04792766
trolley_TP_array.time_array[1235],-16.00197647
trolley_TP_array.time_array[1236],-14.40171704
trolley_TP_array.time_array[1237],-12.80145761
trolley_TP_array.time_array[1238],-11.20119818
trolley_TP_array.time_array[1239],-9.600938753
trolley_TP_array.time_array[1240],-8.000679325
trolley_TP_array.time_array[1241],-6.400419896
trolley_TP_array.time_array[1242],-4.800160467
trolley_TP_array.time_array[1243],0
trolley_TP_array.time_array[1244],0
trolley_TP_array.time_array[1245],0
trolley_TP_array.time_array[1246],0
trolley_TP_array.time_array[1247],0
trolley_TP_array.time_array[1248],0
trolley_TP_array.time_array[1249],0
trolley_TP_array.time_array[1250],0
trolley_TP_array.time_array[1251],0
trolley_TP_array.time_array[1252],0
trolley_TP_array.time_array[1253],0
trolley_TP_array.time_array[1254],0
trolley_TP_array.time_array[1255],0
trolley_TP_array.time_array[1256],0
trolley_TP_array.time_array[1257],0
trolley_TP_array.time_array[1258],0
trolley_TP_array.time_array[1259],0
trolley_TP_array.time_array[1260],0
trolley_TP_array.time_array[1261],0
trolley_TP_array.time_array[1262],0
trolley_TP_array.time_array[1263],0
trolley_TP_array.time_array[1264],0
trolley_TP_array.time_array[1265],0
trolley_TP_array.time_array[1266],0
trolley_TP_array.time_array[1267],0
trolley_TP_array.time_array[1268],0
trolley_TP_array.time_array[1269],0
trolley_TP_array.time_array[1270],0
trolley_TP_array.time_array[1271],0
trolley_TP_array.time_array[1272],0
trolley_TP_array.time_array[1273],0
trolley_TP_array.time_array[1274],0
trolley_TP_array.time_array[1275],0
trolley_TP_array.time_array[1276],0
trolley_TP_array.time_array[1277],0
trolley_TP_array.time_array[1278],0
trolley_TP_array.time_array[1279],0
trolley_TP_array.time_array[1280],0
trolley_TP_array.time_array[1281],0
trolley_TP_array.time_array[1282],0
trolley_TP_array.time_array[1283],0
trolley_TP_array.time_array[1284],0
trolley_TP_array.time_array[1285],0
trolley_TP_array.time_array[1286],0
trolley_TP_array.time_array[1287],0
trolley_TP_array.time_array[1288],0
trolley_TP_array.time_array[1289],0
trolley_TP_array.time_array[1290],0
trolley_TP_array.time_array[1291],0
trolley_TP_array.time_array[1292],0
trolley_TP_array.time_array[1293],0
trolley_TP_array.time_array[1294],0
trolley_TP_array.time_array[1295],0
trolley_TP_array.time_array[1296],0
trolley_TP_array.time_array[1297],0
trolley_TP_array.time_array[1298],0
trolley_TP_array.time_array[1299],0
trolley_TP_array.time_array[1300],0
trolley_TP_array.time_array[1301],0
trolley_TP_array.time_array[1302],0
trolley_TP_array.time_array[1303],0
trolley_TP_array.time_array[1304],0
trolley_TP_array.time_array[1305],0
trolley_TP_array.time_array[1306],0
trolley_TP_array.time_array[1307],0
trolley_TP_array.time_array[1308],0
trolley_TP_array.time_array[1309],0
trolley_TP_array.time_array[1310],0
trolley_TP_array.time_array[1311],0
trolley_TP_array.time_array[1312],0
trolley_TP_array.time_array[1313],0
trolley_TP_array.time_array[1314],0
trolley_TP_array.time_array[1315],0
trolley_TP_array.time_array[1316],0
trolley_TP_array.time_array[1317],0
trolley_TP_array.time_array[1318],0
trolley_TP_array.time_array[1319],0
trolley_TP_array.time_array[1320],0
trolley_TP_array.time_array[1321],0
trolley_TP_array.time_array[1322],0
trolley_TP_array.time_array[1323],0
trolley_TP_array.time_array[1324],0
trolley_TP_array.time_array[1325],0
trolley_TP_array.time_array[1326],0
trolley_TP_array.time_array[1327],0
trolley_TP_array.time_array[1328],0
trolley_TP_array.time_array[1329],0
trolley_TP_array.time_array[1330],0
trolley_TP_array.time_array[1331],0
trolley_TP_array.time_array[1332],0
trolley_TP_array.time_array[1333],0
trolley_TP_array.time_array[1334],0
trolley_TP_array.time_array[1335],0
trolley_TP_array.time_array[1336],0
trolley_TP_array.time_array[1337],0
trolley_TP_array.time_array[1338],0
trolley_TP_array.time_array[1339],0
trolley_TP_array.time_array[1340],0
trolley_TP_array.time_array[1341],0
trolley_TP_array.time_array[1342],0
trolley_TP_array.time_array[1343],0
trolley_TP_array.time_array[1344],0
trolley_TP_array.time_array[1345],0
trolley_TP_array.time_array[1346],0
trolley_TP_array.time_array[1347],0
trolley_TP_array.time_array[1348],0
trolley_TP_array.time_array[1349],0
trolley_TP_array.time_array[1350],0
trolley_TP_array.time_array[1351],0
trolley_TP_array.time_array[1352],0
trolley_TP_array.time_array[1353],0
trolley_TP_array.time_array[1354],0
trolley_TP_array.time_array[1355],0
trolley_TP_array.time_array[1356],0
trolley_TP_array.time_array[1357],0
trolley_TP_array.time_array[1358],0
trolley_TP_array.time_array[1359],0
trolley_TP_array.time_array[1360],0
trolley_TP_array.time_array[1361],0
trolley_TP_array.time_array[1362],0
trolley_TP_array.time_array[1363],0
trolley_TP_array.time_array[1364],0
trolley_TP_array.time_array[1365],0
trolley_TP_array.time_array[1366],0
trolley_TP_array.time_array[1367],0
trolley_TP_array.time_array[1368],0
trolley_TP_array.time_array[1369],0
trolley_TP_array.time_array[1370],0
trolley_TP_array.time_array[1371],0
trolley_TP_array.time_array[1372],0
trolley_TP_array.time_array[1373],0
trolley_TP_array.time_array[1374],0
trolley_TP_array.time_array[1375],0
trolley_TP_array.time_array[1376],0
trolley_TP_array.time_array[1377],0
trolley_TP_array.time_array[1378],0
trolley_TP_array.time_array[1379],0
trolley_TP_array.time_array[1380],0
trolley_TP_array.time_array[1381],0
trolley_TP_array.time_array[1382],0
trolley_TP_array.time_array[1383],0
trolley_TP_array.time_array[1384],0
trolley_TP_array.time_array[1385],0
trolley_TP_array.time_array[1386],0
trolley_TP_array.time_array[1387],0
trolley_TP_array.time_array[1388],0
trolley_TP_array.time_array[1389],0
trolley_TP_array.time_array[1390],0
trolley_TP_array.time_array[1391],0
trolley_TP_array.time_array[1392],0
trolley_TP_array.time_array[1393],0
trolley_TP_array.time_array[1394],0
trolley_TP_array.time_array[1395],0
trolley_TP_array.time_array[1396],0
trolley_TP_array.time_array[1397],0
trolley_TP_array.time_array[1398],0
trolley_TP_array.time_array[1399],0
trolley_TP_array.time_array[1400],0
trolley_TP_array.time_array[1401],0
trolley_TP_array.time_array[1402],0
trolley_TP_array.time_array[1403],0
trolley_TP_array.time_array[1404],0
trolley_TP_array.time_array[1405],0
trolley_TP_array.time_array[1406],0
trolley_TP_array.time_array[1407],0
trolley_TP_array.time_array[1408],0
trolley_TP_array.time_array[1409],0
trolley_TP_array.time_array[1410],0
trolley_TP_array.time_array[1411],0
trolley_TP_array.time_array[1412],0
trolley_TP_array.time_array[1413],0
trolley_TP_array.time_array[1414],0
trolley_TP_array.time_array[1415],0
trolley_TP_array.time_array[1416],0
trolley_TP_array.time_array[1417],0
trolley_TP_array.time_array[1418],0
trolley_TP_array.time_array[1419],0
trolley_TP_array.time_array[1420],0
trolley_TP_array.time_array[1421],0
trolley_TP_array.time_array[1422],0
trolley_TP_array.time_array[1423],0
trolley_TP_array.time_array[1424],0
trolley_TP_array.time_array[1425],0
trolley_TP_array.time_array[1426],0
trolley_TP_array.time_array[1427],0
trolley_TP_array.time_array[1428],0
trolley_TP_array.time_array[1429],0
trolley_TP_array.time_array[1430],0
trolley_TP_array.time_array[1431],0
trolley_TP_array.time_array[1432],0
trolley_TP_array.time_array[1433],0
trolley_TP_array.time_array[1434],0
trolley_TP_array.time_array[1435],0
trolley_TP_array.time_array[1436],0
trolley_TP_array.time_array[1437],0
trolley_TP_array.time_array[1438],0
trolley_TP_array.time_array[1439],0
trolley_TP_array.time_array[1440],0
trolley_TP_array.time_array[1441],0
trolley_TP_array.time_array[1442],0
trolley_TP_array.time_array[1443],0
trolley_TP_array.time_array[1444],0
trolley_TP_array.time_array[1445],0
trolley_TP_array.time_array[1446],0
trolley_TP_array.time_array[1447],0
trolley_TP_array.time_array[1448],0
trolley_TP_array.time_array[1449],0
trolley_TP_array.time_array[1450],0
trolley_TP_array.time_array[1451],0
trolley_TP_array.time_array[1452],0
trolley_TP_array.time_array[1453],0
trolley_TP_array.time_array[1454],0
trolley_TP_array.time_array[1455],0
trolley_TP_array.time_array[1456],0
trolley_TP_array.time_array[1457],0
trolley_TP_array.time_array[1458],0
trolley_TP_array.time_array[1459],0
trolley_TP_array.time_array[1460],0
trolley_TP_array.time_array[1461],0
trolley_TP_array.time_array[1462],0
trolley_TP_array.time_array[1463],0
trolley_TP_array.time_array[1464],0
trolley_TP_array.time_array[1465],0
trolley_TP_array.time_array[1466],0
trolley_TP_array.time_array[1467],0
trolley_TP_array.time_array[1468],0
trolley_TP_array.time_array[1469],0
trolley_TP_array.time_array[1470],0
trolley_TP_array.time_array[1471],0
trolley_TP_array.time_array[1472],0
trolley_TP_array.time_array[1473],0
trolley_TP_array.time_array[1474],0
trolley_TP_array.time_array[1475],0
trolley_TP_array.time_array[1476],0
trolley_TP_array.time_array[1477],0
trolley_TP_array.time_array[1478],0
trolley_TP_array.time_array[1479],0
trolley_TP_array.time_array[1480],0
trolley_TP_array.time_array[1481],0
trolley_TP_array.time_array[1482],0
trolley_TP_array.time_array[1483],0
trolley_TP_array.time_array[1484],0
trolley_TP_array.time_array[1485],0
trolley_TP_array.time_array[1486],0
trolley_TP_array.time_array[1487],0
trolley_TP_array.time_array[1488],0
trolley_TP_array.time_array[1489],0
trolley_TP_array.time_array[1490],0
trolley_TP_array.time_array[1491],0
trolley_TP_array.time_array[1492],0
trolley_TP_array.time_array[1493],0
trolley_TP_array.time_array[1494],0
trolley_TP_array.time_array[1495],0
trolley_TP_array.time_array[1496],0
trolley_TP_array.time_array[1497],0
trolley_TP_array.time_array[1498],0
trolley_TP_array.time_array[1499],0
trolley_TP_array.time_array[1500],0
trolley_TP_array.time_array[1501],0
trolley_TP_array.time_array[1502],0
trolley_TP_array.time_array[1503],0
trolley_TP_array.time_array[1504],0
trolley_TP_array.time_array[1505],0
trolley_TP_array.time_array[1506],0
trolley_TP_array.time_array[1507],0
trolley_TP_array.time_array[1508],0
trolley_TP_array.time_array[1509],0
trolley_TP_array.time_array[1510],0
trolley_TP_array.time_array[1511],0
trolley_TP_array.time_array[1512],0
trolley_TP_array.time_array[1513],0
trolley_TP_array.time_array[1514],0
trolley_TP_array.time_array[1515],0
trolley_TP_array.time_array[1516],0
trolley_TP_array.time_array[1517],0
trolley_TP_array.time_array[1518],0
trolley_TP_array.time_array[1519],0
trolley_TP_array.time_array[1520],0
trolley_TP_array.time_array[1521],0
trolley_TP_array.time_array[1522],0
trolley_TP_array.time_array[1523],0
trolley_TP_array.time_array[1524],0
trolley_TP_array.time_array[1525],0
trolley_TP_array.time_array[1526],0
trolley_TP_array.time_array[1527],0
trolley_TP_array.time_array[1528],0
trolley_TP_array.time_array[1529],0
trolley_TP_array.time_array[1530],0
trolley_TP_array.time_array[1531],0
trolley_TP_array.time_array[1532],0
trolley_TP_array.time_array[1533],0
trolley_TP_array.time_array[1534],0
trolley_TP_array.time_array[1535],0
trolley_TP_array.time_array[1536],0
trolley_TP_array.time_array[1537],0
trolley_TP_array.time_array[1538],0
trolley_TP_array.time_array[1539],0
trolley_TP_array.time_array[1540],0
trolley_TP_array.time_array[1541],0
trolley_TP_array.time_array[1542],0
trolley_TP_array.time_array[1543],0
trolley_TP_array.time_array[1544],0
trolley_TP_array.time_array[1545],0
trolley_TP_array.time_array[1546],0
trolley_TP_array.time_array[1547],0
trolley_TP_array.time_array[1548],0
trolley_TP_array.time_array[1549],0
trolley_TP_array.time_array[1550],0
trolley_TP_array.time_array[1551],0
trolley_TP_array.time_array[1552],0
trolley_TP_array.time_array[1553],0
trolley_TP_array.time_array[1554],0
trolley_TP_array.time_array[1555],0
trolley_TP_array.time_array[1556],0
trolley_TP_array.time_array[1557],0
trolley_TP_array.time_array[1558],0
trolley_TP_array.time_array[1559],0
trolley_TP_array.time_array[1560],0
trolley_TP_array.time_array[1561],0
trolley_TP_array.time_array[1562],0
trolley_TP_array.time_array[1563],0
trolley_TP_array.time_array[1564],0
trolley_TP_array.time_array[1565],0
trolley_TP_array.time_array[1566],0
trolley_TP_array.time_array[1567],0
trolley_TP_array.time_array[1568],0
trolley_TP_array.time_array[1569],0
trolley_TP_array.time_array[1570],0
trolley_TP_array.time_array[1571],0
trolley_TP_array.time_array[1572],0
trolley_TP_array.time_array[1573],0
trolley_TP_array.time_array[1574],0
trolley_TP_array.time_array[1575],0
trolley_TP_array.time_array[1576],0
trolley_TP_array.time_array[1577],0
trolley_TP_array.time_array[1578],0
trolley_TP_array.time_array[1579],0
trolley_TP_array.time_array[1580],0
trolley_TP_array.time_array[1581],0
trolley_TP_array.time_array[1582],0
trolley_TP_array.time_array[1583],0
trolley_TP_array.time_array[1584],0
trolley_TP_array.time_array[1585],0
trolley_TP_array.time_array[1586],0
trolley_TP_array.time_array[1587],0
trolley_TP_array.time_array[1588],0
trolley_TP_array.time_array[1589],0
trolley_TP_array.time_array[1590],0
trolley_TP_array.time_array[1591],0
trolley_TP_array.time_array[1592],0
trolley_TP_array.time_array[1593],0
trolley_TP_array.time_array[1594],0
trolley_TP_array.time_array[1595],0
trolley_TP_array.time_array[1596],0
trolley_TP_array.time_array[1597],0
trolley_TP_array.time_array[1598],0
trolley_TP_array.time_array[1599],0
trolley_TP_array.time_array[1600],0
trolley_TP_array.time_array[1601],0
trolley_TP_array.time_array[1602],0
trolley_TP_array.time_array[1603],0
trolley_TP_array.time_array[1604],0
trolley_TP_array.time_array[1605],0
trolley_TP_array.time_array[1606],0
trolley_TP_array.time_array[1607],0
trolley_TP_array.time_array[1608],0
trolley_TP_array.time_array[1609],0
trolley_TP_array.time_array[1610],0
trolley_TP_array.time_array[1611],0
trolley_TP_array.time_array[1612],0
trolley_TP_array.time_array[1613],0
trolley_TP_array.time_array[1614],0
trolley_TP_array.time_array[1615],0
trolley_TP_array.time_array[1616],0
trolley_TP_array.time_array[1617],0
trolley_TP_array.time_array[1618],0
trolley_TP_array.time_array[1619],0
trolley_TP_array.time_array[1620],0
trolley_TP_array.time_array[1621],0
trolley_TP_array.time_array[1622],0
trolley_TP_array.time_array[1623],0
trolley_TP_array.time_array[1624],0
trolley_TP_array.time_array[1625],0
trolley_TP_array.time_array[1626],0
trolley_TP_array.time_array[1627],0
trolley_TP_array.time_array[1628],0
trolley_TP_array.time_array[1629],0
trolley_TP_array.time_array[1630],0
trolley_TP_array.time_array[1631],0
trolley_TP_array.time_array[1632],0
trolley_TP_array.time_array[1633],0
trolley_TP_array.time_array[1634],0
trolley_TP_array.time_array[1635],0
trolley_TP_array.time_array[1636],0
trolley_TP_array.time_array[1637],0
trolley_TP_array.time_array[1638],0
trolley_TP_array.time_array[1639],0
trolley_TP_array.time_array[1640],0
trolley_TP_array.time_array[1641],0
trolley_TP_array.time_array[1642],0
trolley_TP_array.time_array[1643],0
trolley_TP_array.time_array[1644],0
trolley_TP_array.time_array[1645],0
trolley_TP_array.time_array[1646],0
trolley_TP_array.time_array[1647],0
trolley_TP_array.time_array[1648],0
trolley_TP_array.time_array[1649],0
trolley_TP_array.time_array[1650],0
trolley_TP_array.time_array[1651],0
trolley_TP_array.time_array[1652],0
trolley_TP_array.time_array[1653],0
trolley_TP_array.time_array[1654],0
trolley_TP_array.time_array[1655],0
trolley_TP_array.time_array[1656],0
trolley_TP_array.time_array[1657],0
trolley_TP_array.time_array[1658],0
trolley_TP_array.time_array[1659],0
trolley_TP_array.time_array[1660],0
trolley_TP_array.time_array[1661],0
trolley_TP_array.time_array[1662],0
trolley_TP_array.time_array[1663],0
trolley_TP_array.time_array[1664],0
trolley_TP_array.time_array[1665],0
trolley_TP_array.time_array[1666],0
trolley_TP_array.time_array[1667],0
trolley_TP_array.time_array[1668],0
trolley_TP_array.time_array[1669],0
trolley_TP_array.time_array[1670],0
trolley_TP_array.time_array[1671],0
trolley_TP_array.time_array[1672],0
trolley_TP_array.time_array[1673],0
trolley_TP_array.time_array[1674],0
trolley_TP_array.time_array[1675],0
trolley_TP_array.time_array[1676],0
trolley_TP_array.time_array[1677],0
trolley_TP_array.time_array[1678],0
trolley_TP_array.time_array[1679],0
trolley_TP_array.time_array[1680],0
trolley_TP_array.time_array[1681],0
trolley_TP_array.time_array[1682],0
trolley_TP_array.time_array[1683],0
trolley_TP_array.time_array[1684],0
trolley_TP_array.time_array[1685],0
trolley_TP_array.time_array[1686],0
trolley_TP_array.time_array[1687],0
trolley_TP_array.time_array[1688],0
trolley_TP_array.time_array[1689],0
trolley_TP_array.time_array[1690],0
trolley_TP_array.time_array[1691],0
trolley_TP_array.time_array[1692],0
trolley_TP_array.time_array[1693],0
trolley_TP_array.time_array[1694],0
trolley_TP_array.time_array[1695],0
trolley_TP_array.time_array[1696],0
trolley_TP_array.time_array[1697],0
trolley_TP_array.time_array[1698],0
trolley_TP_array.time_array[1699],0
trolley_TP_array.time_array[1700],0
trolley_TP_array.time_array[1701],0
trolley_TP_array.time_array[1702],0
trolley_TP_array.time_array[1703],0
trolley_TP_array.time_array[1704],0
trolley_TP_array.time_array[1705],0
trolley_TP_array.time_array[1706],0
trolley_TP_array.time_array[1707],0
trolley_TP_array.time_array[1708],0
trolley_TP_array.time_array[1709],0
trolley_TP_array.time_array[1710],0
trolley_TP_array.time_array[1711],0
trolley_TP_array.time_array[1712],0
trolley_TP_array.time_array[1713],0
trolley_TP_array.time_array[1714],0
trolley_TP_array.time_array[1715],0
trolley_TP_array.time_array[1716],0
trolley_TP_array.time_array[1717],0
trolley_TP_array.time_array[1718],0
trolley_TP_array.time_array[1719],0
trolley_TP_array.time_array[1720],0
trolley_TP_array.time_array[1721],0
trolley_TP_array.time_array[1722],0
trolley_TP_array.time_array[1723],0
trolley_TP_array.time_array[1724],0
trolley_TP_array.time_array[1725],0
trolley_TP_array.time_array[1726],0
trolley_TP_array.time_array[1727],0
trolley_TP_array.time_array[1728],0
trolley_TP_array.time_array[1729],0
trolley_TP_array.time_array[1730],0
trolley_TP_array.time_array[1731],0
trolley_TP_array.time_array[1732],0
trolley_TP_array.time_array[1733],0
trolley_TP_array.time_array[1734],0
trolley_TP_array.time_array[1735],0
trolley_TP_array.time_array[1736],0
trolley_TP_array.time_array[1737],0
trolley_TP_array.time_array[1738],0
trolley_TP_array.time_array[1739],0
trolley_TP_array.time_array[1740],0
trolley_TP_array.time_array[1741],0
trolley_TP_array.time_array[1742],0
trolley_TP_array.time_array[1743],0
trolley_TP_array.time_array[1744],0
trolley_TP_array.time_array[1745],0
trolley_TP_array.time_array[1746],0
trolley_TP_array.time_array[1747],0
trolley_TP_array.time_array[1748],0
trolley_TP_array.time_array[1749],0
trolley_TP_array.time_array[1750],0
trolley_TP_array.time_array[1751],0
trolley_TP_array.time_array[1752],0
trolley_TP_array.time_array[1753],0
trolley_TP_array.time_array[1754],0
trolley_TP_array.time_array[1755],0
trolley_TP_array.time_array[1756],0
trolley_TP_array.time_array[1757],0
trolley_TP_array.time_array[1758],0
trolley_TP_array.time_array[1759],0
trolley_TP_array.time_array[1760],0
trolley_TP_array.time_array[1761],0
trolley_TP_array.time_array[1762],0
trolley_TP_array.time_array[1763],0
trolley_TP_array.time_array[1764],0
trolley_TP_array.time_array[1765],0
trolley_TP_array.time_array[1766],0
trolley_TP_array.time_array[1767],0
trolley_TP_array.time_array[1768],0
trolley_TP_array.time_array[1769],0
trolley_TP_array.time_array[1770],0
trolley_TP_array.time_array[1771],0
trolley_TP_array.time_array[1772],0
trolley_TP_array.time_array[1773],0
trolley_TP_array.time_array[1774],0
trolley_TP_array.time_array[1775],0
trolley_TP_array.time_array[1776],0
trolley_TP_array.time_array[1777],0
trolley_TP_array.time_array[1778],0
trolley_TP_array.time_array[1779],0
trolley_TP_array.time_array[1780],0
trolley_TP_array.time_array[1781],0
trolley_TP_array.time_array[1782],0
trolley_TP_array.time_array[1783],0
trolley_TP_array.time_array[1784],0
trolley_TP_array.time_array[1785],0
trolley_TP_array.time_array[1786],0
trolley_TP_array.time_array[1787],0
trolley_TP_array.time_array[1788],0
trolley_TP_array.time_array[1789],0
trolley_TP_array.time_array[1790],0
trolley_TP_array.time_array[1791],0
trolley_TP_array.time_array[1792],0
trolley_TP_array.time_array[1793],0
trolley_TP_array.time_array[1794],0
trolley_TP_array.time_array[1795],0
trolley_TP_array.time_array[1796],0
trolley_TP_array.time_array[1797],0
trolley_TP_array.time_array[1798],0
trolley_TP_array.time_array[1799],0
trolley_TP_array.time_array[1800],0
trolley_TP_array.time_array[1801],0
trolley_TP_array.time_array[1802],0
trolley_TP_array.time_array[1803],0
trolley_TP_array.time_array[1804],0
trolley_TP_array.time_array[1805],0
trolley_TP_array.time_array[1806],0
trolley_TP_array.time_array[1807],0
trolley_TP_array.time_array[1808],0
trolley_TP_array.time_array[1809],0
trolley_TP_array.time_array[1810],0
trolley_TP_array.time_array[1811],0
trolley_TP_array.time_array[1812],0
trolley_TP_array.time_array[1813],0
trolley_TP_array.time_array[1814],0
trolley_TP_array.time_array[1815],0
trolley_TP_array.time_array[1816],0
trolley_TP_array.time_array[1817],0
trolley_TP_array.time_array[1818],0
trolley_TP_array.time_array[1819],0
trolley_TP_array.time_array[1820],0
trolley_TP_array.time_array[1821],0
trolley_TP_array.time_array[1822],0
trolley_TP_array.time_array[1823],0
trolley_TP_array.time_array[1824],0
trolley_TP_array.time_array[1825],0
trolley_TP_array.time_array[1826],0
trolley_TP_array.time_array[1827],0
trolley_TP_array.time_array[1828],0
trolley_TP_array.time_array[1829],0
trolley_TP_array.time_array[1830],0
trolley_TP_array.time_array[1831],0
trolley_TP_array.time_array[1832],0
trolley_TP_array.time_array[1833],0
trolley_TP_array.time_array[1834],0
trolley_TP_array.time_array[1835],0
trolley_TP_array.time_array[1836],0
trolley_TP_array.time_array[1837],0
trolley_TP_array.time_array[1838],0
trolley_TP_array.time_array[1839],0
trolley_TP_array.time_array[1840],0
trolley_TP_array.time_array[1841],0
trolley_TP_array.time_array[1842],0
trolley_TP_array.time_array[1843],0
trolley_TP_array.time_array[1844],0
trolley_TP_array.time_array[1845],0
trolley_TP_array.time_array[1846],0
trolley_TP_array.time_array[1847],0
trolley_TP_array.time_array[1848],0
trolley_TP_array.time_array[1849],0
trolley_TP_array.time_array[1850],0
trolley_TP_array.time_array[1851],0
trolley_TP_array.time_array[1852],0
trolley_TP_array.time_array[1853],0
trolley_TP_array.time_array[1854],0
trolley_TP_array.time_array[1855],0
trolley_TP_array.time_array[1856],0
trolley_TP_array.time_array[1857],0
trolley_TP_array.time_array[1858],0
trolley_TP_array.time_array[1859],0
trolley_TP_array.time_array[1860],0
trolley_TP_array.time_array[1861],0
trolley_TP_array.time_array[1862],0
trolley_TP_array.time_array[1863],0
trolley_TP_array.time_array[1864],0
trolley_TP_array.time_array[1865],0
trolley_TP_array.time_array[1866],0
trolley_TP_array.time_array[1867],0
trolley_TP_array.time_array[1868],0
trolley_TP_array.time_array[1869],0
trolley_TP_array.time_array[1870],0
trolley_TP_array.time_array[1871],0
trolley_TP_array.time_array[1872],0
trolley_TP_array.time_array[1873],0
trolley_TP_array.time_array[1874],0
trolley_TP_array.time_array[1875],0
trolley_TP_array.time_array[1876],0
trolley_TP_array.time_array[1877],0
trolley_TP_array.time_array[1878],0
trolley_TP_array.time_array[1879],0
trolley_TP_array.time_array[1880],0
trolley_TP_array.time_array[1881],0
trolley_TP_array.time_array[1882],0
trolley_TP_array.time_array[1883],0
trolley_TP_array.time_array[1884],0
trolley_TP_array.time_array[1885],0
trolley_TP_array.time_array[1886],0
trolley_TP_array.time_array[1887],0
trolley_TP_array.time_array[1888],0
trolley_TP_array.time_array[1889],0
trolley_TP_array.time_array[1890],0
trolley_TP_array.time_array[1891],0
trolley_TP_array.time_array[1892],0
trolley_TP_array.time_array[1893],0
trolley_TP_array.time_array[1894],0
trolley_TP_array.time_array[1895],0
trolley_TP_array.time_array[1896],0
trolley_TP_array.time_array[1897],0
trolley_TP_array.time_array[1898],0
trolley_TP_array.time_array[1899],0
trolley_TP_array.time_array[1900],0
trolley_TP_array.time_array[1901],0
trolley_TP_array.time_array[1902],0
trolley_TP_array.time_array[1903],0
trolley_TP_array.time_array[1904],0
trolley_TP_array.time_array[1905],0
trolley_TP_array.time_array[1906],0
trolley_TP_array.time_array[1907],0
trolley_TP_array.time_array[1908],0
trolley_TP_array.time_array[1909],0
trolley_TP_array.time_array[1910],0
trolley_TP_array.time_array[1911],0
trolley_TP_array.time_array[1912],0
trolley_TP_array.time_array[1913],0
trolley_TP_array.time_array[1914],0
trolley_TP_array.time_array[1915],0
trolley_TP_array.time_array[1916],0
trolley_TP_array.time_array[1917],0
trolley_TP_array.time_array[1918],0
trolley_TP_array.time_array[1919],0
trolley_TP_array.time_array[1920],0
trolley_TP_array.time_array[1921],0
trolley_TP_array.time_array[1922],0
trolley_TP_array.time_array[1923],0
trolley_TP_array.time_array[1924],0
trolley_TP_array.time_array[1925],0
trolley_TP_array.time_array[1926],0
trolley_TP_array.time_array[1927],0
trolley_TP_array.time_array[1928],0
trolley_TP_array.time_array[1929],0
trolley_TP_array.time_array[1930],0
trolley_TP_array.time_array[1931],0
trolley_TP_array.time_array[1932],0
trolley_TP_array.time_array[1933],0
trolley_TP_array.time_array[1934],0
trolley_TP_array.time_array[1935],0
trolley_TP_array.time_array[1936],0
trolley_TP_array.time_array[1937],0
trolley_TP_array.time_array[1938],0
trolley_TP_array.time_array[1939],0
trolley_TP_array.time_array[1940],0
trolley_TP_array.time_array[1941],0
trolley_TP_array.time_array[1942],0
trolley_TP_array.time_array[1943],0
trolley_TP_array.time_array[1944],0
trolley_TP_array.time_array[1945],0
trolley_TP_array.time_array[1946],0
trolley_TP_array.time_array[1947],0
trolley_TP_array.time_array[1948],0
trolley_TP_array.time_array[1949],0
trolley_TP_array.time_array[1950],0
trolley_TP_array.time_array[1951],0
trolley_TP_array.time_array[1952],0
trolley_TP_array.time_array[1953],0
trolley_TP_array.time_array[1954],0
trolley_TP_array.time_array[1955],0
trolley_TP_array.time_array[1956],0
trolley_TP_array.time_array[1957],0
trolley_TP_array.time_array[1958],0
trolley_TP_array.time_array[1959],0
trolley_TP_array.time_array[1960],0
trolley_TP_array.time_array[1961],0
trolley_TP_array.time_array[1962],0
trolley_TP_array.time_array[1963],0
trolley_TP_array.time_array[1964],0
trolley_TP_array.time_array[1965],0
trolley_TP_array.time_array[1966],0
trolley_TP_array.time_array[1967],0
trolley_TP_array.time_array[1968],0
trolley_TP_array.time_array[1969],0
trolley_TP_array.time_array[1970],0
trolley_TP_array.time_array[1971],0
trolley_TP_array.time_array[1972],0
trolley_TP_array.time_array[1973],0
trolley_TP_array.time_array[1974],0
trolley_TP_array.time_array[1975],0
trolley_TP_array.time_array[1976],0
trolley_TP_array.time_array[1977],0
trolley_TP_array.time_array[1978],0
trolley_TP_array.time_array[1979],0
trolley_TP_array.time_array[1980],0
trolley_TP_array.time_array[1981],0
trolley_TP_array.time_array[1982],0
trolley_TP_array.time_array[1983],0
trolley_TP_array.time_array[1984],0
trolley_TP_array.time_array[1985],0
trolley_TP_array.time_array[1986],0
trolley_TP_array.time_array[1987],0
trolley_TP_array.time_array[1988],0
trolley_TP_array.time_array[1989],0
trolley_TP_array.time_array[1990],0
trolley_TP_array.time_array[1991],0
trolley_TP_array.time_array[1992],0
trolley_TP_array.time_array[1993],0
trolley_TP_array.time_array[1994],0
trolley_TP_array.time_array[1995],0
trolley_TP_array.time_array[1996],0
trolley_TP_array.time_array[1997],0
trolley_TP_array.time_array[1998],0
trolley_TP_array.time_array[1999],0